﻿Country,emissions,population
Afghanistan,13.01,36.30
Albania,6.38,2.87
Argentina,204.32,44.04
Armenia,5.66,2.94
Australia,413.09,24.60
Austria,69.94,8.80
Azerbaijan,38.21,9.85
Bahamas,2.56,0.38
Bahrain,34.46,1.49
Bangladesh,88.06,159.67
Barbados,1.32,0.29
Belarus,61.37,9.50
Belgium,100.12,11.38
Belize,0.56,0.38
Benin,7.50,11.18
Bermuda,0.61,0.06
Bhutan,1.17,0.75
Bolivia,20.89,11.19
Bosnia and Herzegovina,26.65,3.35
Botswana,7.88,2.21
Brazil,476.07,207.83
British Virgin Islands,0.19,0.03
Brunei Darussalam,10.23,0.42
Bulgaria,49.07,7.08
Burkina Faso,3.34,19.19
Burundi,0.53,10.83
Cambodia,7.94,16.01
Cameroon,7.69,24.57
Canada,572.78,36.54
Cayman Islands,,0.06
Central African Republic,0.31,4.60
Chad,0.73,15.02
Chile,84.60,18.47
China,9838.75,1386.40
Colombia,81.23,48.90
Comoros,0.19,0.81
Costa Rica,8.70,4.95
Côte d'Ivoire,11.72,24.44
Croatia,17.18,4.12
Cuba,36.50,11.34
Curaçao,6.25,0.16
Cyprus,7.51,1.18
Czech Republic,107.90,10.59
Denmark,34.55,5.76
Djibouti,0.82,0.94
Dominica,0.14,0.07
Dominican Republic,21.27,10.51
Ecuador,38.80,16.79
Egypt,218.66,96.44
El Salvador,6.99,6.39
Equatorial Guinea,6.71,1.26
Estonia,19.81,1.32
Ethiopia,13.40,106.40
Faeroe Islands,0.67,0.05
Fiji,1.34,0.88
Finland,45.96,5.51
France,356.30,66.87
French Polynesia,0.95,0.28
Gabon,5.53,2.06
Gambia,0.62,2.21
Georgia,10.95,3.73
Germany,799.37,82.66
Ghana,16.76,29.12
Gibraltar,,0.03
Greece,76.00,10.75
Greenland,0.57,0.06
Grenada,0.28,0.11
Guatemala,20.88,16.91
Guinea,2.90,12.07
Guinea-Bissau,0.33,1.83
Guyana,2.08,0.78
Haiti,3.00,10.98
Honduras,10.67,9.43
Hong Kong,43.03,7.39
Hungary,50.34,9.79
Iceland,3.48,0.34
India,2466.77,1338.66
Indonesia,486.84,264.65
Iran,672.31,80.67
Iraq,194.45,37.55
Ireland,39.74,4.81
Israel,66.55,8.71
Italy,355.45,60.54
Jamaica,7.77,2.92
Japan,1205.06,126.79
Jordan,21.36,9.78
Kazakhstan,292.59,18.04
Kenya,15.82,50.22
Kiribati,0.07,0.11
Kuwait,104.39,4.06
Kyrgyzstan,10.43,6.20
Laos,1.96,6.95
Latvia,7.17,1.94
Lebanon,19.55,6.81
Lesotho,2.82,2.09
Liberia,1.08,4.70
Libya,53.39,6.58
Liechtenstein,0.16,0.04
Lithuania,13.39,2.83
Luxembourg,9.29,0.60
Macao,1.51,0.62
Madagascar,3.18,25.57
Malawi,1.37,17.67
Malaysia,254.58,31.11
Maldives,1.57,0.50
Mali,1.72,18.51
Malta,1.44,0.47
Marshall Islands,0.12,0.06
Mauritania,2.84,4.28
Mauritius,4.28,1.26
Mexico,490.29,124.78
Micronesia (Federated States of),0.18,0.11
Moldova,5.09,3.55
Mongolia,30.39,3.11
Montenegro,2.63,0.62
Morocco,62.73,35.58
Mozambique,10.27,28.65
Myanmar,25.33,53.38
Namibia,4.07,2.40
Nauru,0.06,0.01
Nepal,9.03,27.63
Netherlands,164.05,17.13
New Caledonia,5.56,0.28
New Zealand,36.01,4.79
Nicaragua,5.42,6.38
Niger,2.49,21.60
Nigeria,107.30,190.87
Norway,44.79,5.28
Oman,65.19,4.67
Pakistan,198.81,207.90
Palau,0.31,0.02
Panama,10.06,4.11
Papua New Guinea,7.39,8.44
Paraguay,5.85,6.87
Peru,64.78,31.44
Philippines,127.61,105.17
Poland,326.60,37.97
Portugal,54.86,10.30
Qatar,129.80,2.72
Romania,80.00,19.59
Russian Federation,1692.79,144.50
Rwanda,1.02,11.98
Saudi Arabia,635.01,33.10
Senegal,9.32,15.42
Serbia,45.09,7.02
Seychelles,0.61,0.10
Sierra Leone,1.39,7.49
Singapore,64.77,5.61
Slovakia,35.39,5.44
Slovenia,14.61,2.07
Solomon Islands,0.24,0.64
Somalia,0.75,14.59
South Africa,456.33,57.00
Spain,281.42,46.59
Sri Lanka,23.14,21.44
Sudan,18.21,40.81
Suriname,2.05,0.57
Sweden,41.50,10.06
Switzerland,40.07,8.45
Tajikistan,5.71,8.88
Tanzania,14.23,54.66
Thailand,330.84,69.21
Timor-Leste,0.55,1.24
Togo,2.99,7.70
Tonga,0.14,0.10
Trinidad and Tobago,40.70,1.38
Tunisia,28.13,11.43
Turkey,447.90,81.10
Turkmenistan,72.70,5.76
Turks and Caicos Islands,0.22,0.04
Tuvalu,0.01,0.01
Uganda,5.78,41.16
Ukraine,212.12,44.83
United Kingdom,384.71,66.06
United States of America,5269.53,325.15
Uruguay,6.84,3.44
Uzbekistan,99.00,32.39
Vanuatu,0.18,0.29
Venezuela,159.57,29.39
Vietnam,198.83,94.60
Yemen,18.97,27.83
Zambia,4.75,16.85
Zimbabwe,10.40,14.24
,,
,, 
